{"Basic Information": {"Username": "sarthak_0004", "Name": "Sarthak Mohindru", "Creation Date": "2018-06-06 16:11:41 UTC"}, "Device Information": {"Make": "", "Model ID": "ONEPLUS A6000", "Model Name": "", "User Agent": "Snapchat/10.77.0.0 (ONEPLUS A6000; Android 9#1909112330#28; gzip) V/MUSHROOM", "Language": "en", "OS Type": "ANDROID", "OS Version": "Android 9", "Connection Type": "WIFI, CELL"}, "Device History": [{"Make": "", "Model": "ONEPLUS A6000", "Start Time": "2018-06-06 16:00:00 UTC", "Device Type": ""}], "Privacy Policy and Terms of Service Acceptance History": [], "Custom Creative Tools Terms": [], "Login History": [{"IP": "2401:4900:2eee:da88:9d37:8a41:47a3:4d4e", "Country": "IN", "Created": "2020-03-07 08:34:17 UTC", "Status": "success", "Device": "Mozilla/5.0 (Windows NT 10.0; Win64; x64) AppleWebKit/537.36 (KHTML, like Gecko) Chrome/80.0.3987.132 Safari/537.36"}, {"IP": "2401:4900:2eee:da88:9d37:8a41:47a3:4d4e", "Country": "IN", "Created": "2020-03-07 08:34:17 UTC", "Status": "success", "Device": "Mozilla/5.0 (Windows NT 10.0; Win64; x64) AppleWebKit/537.36 (KHTML, like Gecko) Chrome/80.0.3987.132 Safari/537.36"}, {"IP": "2405:201:4808:161f:b407:8d0c:ff61:f3d9", "Country": "IN", "Created": "2020-02-17 20:11:21 UTC", "Status": "success", "Device": "Mozilla/5.0 (Linux; Android 9; ONEPLUS A6000 Build/PKQ1.180716.001; wv) AppleWebKit/537.36 (KHTML, like Gecko) Version/4.0 Chrome/80.0.3987.99 Mobile Safari/537.36"}, {"IP": "2405:201:4808:161f:b407:8d0c:ff61:f3d9", "Country": "IN", "Created": "2020-02-17 20:11:21 UTC", "Status": "success", "Device": "Mozilla/5.0 (Linux; Android 9; ONEPLUS A6000 Build/PKQ1.180716.001; wv) AppleWebKit/537.36 (KHTML, like Gecko) Version/4.0 Chrome/80.0.3987.99 Mobile Safari/537.36"}, {"IP": "2601:281:8380:6ec0:2092:63dd:bb35:c2b6", "Country": "US", "Created": "2019-10-24 03:02:17 UTC", "Status": "success", "Device": "Snapchat/10.67.0.0 (ONEPLUS A6000; Android 9#1909112330#28; gzip) V/MUSHROOM"}, {"IP": "68.15.235.133", "Country": "US", "Created": "2019-10-21 16:16:34 UTC", "Status": "success", "Device": "Snapchat/10.67.0.0 (ONEPLUS A6000; Android 9#1909112330#28; gzip) V/MUSHROOM"}]}