{"Display Name Change": [{"Date": "2018-06-06 16:11:41 UTC", "Display Name": "Sarthak Mohindru"}], "Email Change": [{"Date": "2020-02-17 20:12:42 UTC", "Email Address": "sarthakmohindru004@gmail.com"}, {"Date": "2020-02-17 20:12:17 UTC", "Email Address": "sarthakmohindru004@gmail.com"}], "Mobile Number Change": [{"Date": "2018-06-06 16:12:24 UTC", "Mobile Number": "+919810166128"}], "Password Change": [], "Snapchat Linked to Bitmoji": [], "Spectacles": [], "Two-Factor Authentication": [], "Account deactivated / reactivated": []}