{"Friends": [{"Username": "cash-av", "Display Name": "Keshav"}, {"Username": "chipskiduski", "Display Name": "Anika Jane Beamer"}, {"Username": "karmanb00796", "Display Name": "karman\ud83d\ude0e\ud83d\ude0e"}, {"Username": "s.pom", "Display Name": "Sofia Pomeroy"}, {"Username": "vanshajgambhir7", "Display Name": "Vanshaj"}, {"Username": "himanshu1080", "Display Name": "Himanshu :)"}, {"Username": "shreybansal3", "Display Name": "Shrey Bansal(Eco Society)"}, {"Username": "faizaanaw", "Display Name": "Faizaan"}, {"Username": "aleph_abraham", "Display Name": "Aleph"}, {"Username": "vikhyatvij", "Display Name": "Vikhyat Vij"}, {"Username": "kaylafigatnerr", "Display Name": "Kayla :)"}, {"Username": "smendiratta22", "Display Name": "Suhana"}, {"Username": "dhruv_sirsikar", "Display Name": "Dhruv Sirsikar"}, {"Username": "ramyav_3", "Display Name": "Ramya"}, {"Username": "infinitynamya", "Display Name": "Namya"}, {"Username": "notwagih", "Display Name": "Wagih Henawi"}, {"Username": "sarthak_0004", "Display Name": "Sarthak Mohindru"}, {"Username": "zsazsazim", "Display Name": "zsazsazim"}, {"Username": "vidushgoswami", "Display Name": "Vidush"}, {"Username": "dannyr4444", "Display Name": "Danny Rosenbloom"}, {"Username": "bob63477", "Display Name": "Fern"}, {"Username": "vidurv2", "Display Name": "Vidurveer Duggal"}, {"Username": "ritvik98", "Display Name": "Ritvik Chakradhar (Nightro)"}, {"Username": "shaurya.21801", "Display Name": "Shaurya Family Friend"}, {"Username": "sesili72", "Display Name": "Sesili"}, {"Username": "angadvs2000", "Display Name": "Angad Vir Singh"}, {"Username": "rubanzee", "Display Name": "Ruban"}, {"Username": "sacawajeeha", "Display Name": "Wajeeha Mariam"}, {"Username": "kirtimay19", "Display Name": "Kirti\ud83d\udcab"}, {"Username": "rsadsule", "Display Name": "Rohit"}, {"Username": "chase-ferguson", "Display Name": "Chase Ferguson"}, {"Username": "tinsaedegu", "Display Name": "Tinsae\ud83e\udd18\ud83e\udd11"}, {"Username": "lilyaydt", "Display Name": "Lily Aydt"}, {"Username": "milehighpride", "Display Name": "usetheschwartz"}, {"Username": "aditibali4", "Display Name": "Aditi"}, {"Username": "hallienuzum", "Display Name": "Hallie"}, {"Username": "rohangandotra22", "Display Name": "Rohan Gandotra"}, {"Username": "nimish_hardwell", "Display Name": "Nimish"}, {"Username": "mujtaba2397", "Display Name": "Mujtaba Aslam"}, {"Username": "randete", "Display Name": "Rande Nieto"}, {"Username": "ssangyoonl", "Display Name": "Sean Lee"}, {"Username": "dechenck", "Display Name": "Dechen \ud83d\udc9f"}, {"Username": "pennyroyalkoala", "Display Name": "\ud83c\udf08\ud83d\udc09\ud83e\udd84Lizzi\ud83c\udded\ud83c\uddf9\ud83d\udc1d\ud83d\ude3c"}, {"Username": "aranyadang", "Display Name": "Aranya"}, {"Username": "shirleyjwa98", "Display Name": "Shirley Jwa"}, {"Username": "puravinath", "Display Name": "puravinath14"}, {"Username": "shourya01", "Display Name": "Shourya(Tsrs)"}, {"Username": "nick410s", "Display Name": "Nick Alex"}, {"Username": "kaleb.shah", "Display Name": "Kaleb Shah"}, {"Username": "rickyzonzon", "Display Name": "ricky morri"}, {"Username": "sagardawar78", "Display Name": "Sagar Dawar"}, {"Username": "khwaish004", "Display Name": "Khwaish"}, {"Username": "leiakendal", "Display Name": "Leia Kendal Sohn"}, {"Username": "livinthenbs", "Display Name": "Olivia Woolam"}, {"Username": "indyyy98", "Display Name": "Indy"}, {"Username": "claytonburton2k", "Display Name": "Clayton Burton"}, {"Username": "sophie_mero", "Display Name": "Mero"}, {"Username": "lily.thorn", "Display Name": "Lily Thornton"}, {"Username": "tanmaygg", "Display Name": "Tanmay Gupta"}, {"Username": "emmakieran13", "Display Name": "Emma \ud83c\udf49"}, {"Username": "kabirjain9", "Display Name": "Kabir Jain"}, {"Username": "jiunjj", "Display Name": "Veliki Damon (Jiun)"}, {"Username": "waez1997", "Display Name": "Waez Sheikh"}, {"Username": "viren_0075", "Display Name": "Viren"}, {"Username": "devansh021", "Display Name": "Devansh"}, {"Username": "daniel.carter", "Display Name": "Danny Carter"}, {"Username": "cute_curls", "Display Name": "Xonzy Gaddis\ud83c\udf1e"}, {"Username": "mayaaa333", "Display Name": "Maya Gardner"}, {"Username": "sahil-hooda", "Display Name": "Sahil"}, {"Username": "muku_21", "Display Name": "Soham Mukhopadhyay"}, {"Username": "batblank", "Display Name": "Batia Blank"}, {"Username": "senaygokcebel", "Display Name": "Senay\ud83c\udf3b"}, {"Username": "okay1602", "Display Name": "Ojasvi"}, {"Username": "kendra_bradley", "Display Name": "kendra_bradley"}, {"Username": "bardan07", "Display Name": "bardan07"}, {"Username": "alexa.baumann", "Display Name": "Lex Baumann"}, {"Username": "sopal21", "Display Name": "Sohom"}, {"Username": "kodyharrison10", "Display Name": "Kody Harrison"}, {"Username": "sherrrrrykx", "Display Name": "Sherry Huang"}, {"Username": "lishun68", "Display Name": "Shun Li"}, {"Username": "lcucksh", "Display Name": "Lakshajeet"}, {"Username": "writampal", "Display Name": "Writam"}, {"Username": "emetissearchman", "Display Name": "Emmett"}, {"Username": "dukwak16", "Display Name": "Quang"}, {"Username": "rachaelarkell", "Display Name": "Rachael Arkell"}, {"Username": "dafinne_246", "Display Name": "Finn_D"}, {"Username": "shreya-13", "Display Name": "Shreya"}, {"Username": "johnuger", "Display Name": "Adam Mao"}, {"Username": "izan.ahmed", "Display Name": "Izan Ahmed"}, {"Username": "haberendes1234", "Display Name": "Haleigh Berendes"}, {"Username": "acoalson5", "Display Name": "Aidan Coalson"}, {"Username": "cardenas.nick", "Display Name": "Nick Cardenas"}, {"Username": "anthonyj_2323", "Display Name": "Anthony Johnson"}, {"Username": "nickcampion1", "Display Name": "Nick Campion"}, {"Username": "justinalee26", "Display Name": "jlee \ud83d\udd4a"}, {"Username": "stellarae2000", "Display Name": "Stella"}, {"Username": "vatsal58", "Display Name": "Vatsal\ud83c\udfcf"}, {"Username": "asolar693", "Display Name": "Adam Solar"}, {"Username": "saxosarah2.0", "Display Name": "Sarah \ud83c\udf6a\ud83d\udc99"}, {"Username": "dhruvy2000", "Display Name": "Dhruv Y"}, {"Username": "quirkiful", "Display Name": "Uyen-Vy Hoang"}, {"Username": "frannypants66", "Display Name": "Francesca Dalla Betta"}, {"Username": "jha-anjali", "Display Name": "Anjali Jha"}, {"Username": "shubhika1311", "Display Name": "\ud835\udce2\ud835\udcf1\ud835\udcfe\ud835\udceb\ud835\udcf1\ud835\udcf2\ud835\udcf4\ud835\udcea\ud83e\uddda\ud83c\udffb\u200d\u2640\ufe0f\ud83d\udeab"}, {"Username": "dhruv2301", "Display Name": "Dhruv Vij"}, {"Username": "azzymoto.jones", "Display Name": "Az"}, {"Username": "rahul8379", "Display Name": "Rahul Sejwal"}, {"Username": "rickjohnson_42", "Display Name": "Rick J"}, {"Username": "orionshirley", "Display Name": "Orion Shirley"}, {"Username": "nikitab_27", "Display Name": "Nikita Banerjee"}, {"Username": "arjunverma02", "Display Name": "Arjun"}, {"Username": "vaaniiig", "Display Name": "Vaani"}, {"Username": "dzzzhu", "Display Name": "Daniel"}, {"Username": "yatuu", "Display Name": "Yatin C"}, {"Username": "more-gravity", "Display Name": "Fr \ud83d\udd25"}, {"Username": "nachomateov", "Display Name": "Nacho Mateo"}, {"Username": "elainiagupta", "Display Name": "Elainia Gupta"}, {"Username": "harooks", "Display Name": "Harooks"}, {"Username": "justinrichard0", "Display Name": "justin richard"}, {"Username": "glattery88", "Display Name": "Grant Lattery"}, {"Username": "river_delmar", "Display Name": "Chaz \ud83d\ude02"}, {"Username": "pr4gun", "Display Name": "Pragun"}, {"Username": "momiji0719", "Display Name": "Momi"}, {"Username": "wedelson", "Display Name": "Will Edelson"}, {"Username": "shivin11", "Display Name": "Shivin Dhariwal"}, {"Username": "ananyamunish", "Display Name": "Ananya Munish"}, {"Username": "ajmair14", "Display Name": "Ali"}, {"Username": "pwggoldie", "Display Name": "patrick goldammer"}, {"Username": "everett_hayes", "Display Name": ""}, {"Username": "abyayalamsal", "Display Name": "Abyaya Lamsal"}, {"Username": "alecm42", "Display Name": "yuya"}, {"Username": "aman878", "Display Name": "Aman"}, {"Username": "evaan-o1", "Display Name": "Evaan Ahmed"}, {"Username": "mannat.bhinder", "Display Name": "Mannat Bhinder"}, {"Username": "vkapur41", "Display Name": "Vansh"}, {"Username": "syphonotan", "Display Name": "Noah"}, {"Username": "siddhantrekhi8", "Display Name": "Rekhi"}, {"Username": "tsunamii143", "Display Name": "Suhanii"}, {"Username": "mattsiff15", "Display Name": "Matt"}, {"Username": "unlikelysadist", "Display Name": "Sanjana Tanya"}, {"Username": "anaanramay", "Display Name": "Anaan Ramay"}, {"Username": "bbryce1771", "Display Name": "Bryce Tanikawa"}, {"Username": "jonahshin420", "Display Name": "Jonah Shin"}, {"Username": "seth_k09", "Display Name": "seth"}, {"Username": "cnrhdk", "Display Name": "connor headrick"}, {"Username": "ukamra23", "Display Name": "Umang Kamra"}, {"Username": "sudie31", "Display Name": "Suda\ud83c\udf38"}, {"Username": "ayusuf2", "Display Name": "Abdi (Jaarle)"}, {"Username": "luisluasoccer", "Display Name": "Luis Lua"}, {"Username": "pataridzen", "Display Name": "Nini"}, {"Username": "apricitassy", "Display Name": "Mai"}, {"Username": "muhammad9211", "Display Name": "Hamza"}, {"Username": "willborda", "Display Name": "Will"}, {"Username": "sohomp2020", "Display Name": "Sohom"}, {"Username": "tarush40534", "Display Name": "TPS \u25b3"}, {"Username": "hamza_ilahi", "Display Name": "Hamza"}, {"Username": "amnakapur2000", "Display Name": "Amna"}, {"Username": "funguy.12", "Display Name": "KEVDOGG\ud83d\udd2b"}, {"Username": "falconwr", "Display Name": "Vyushti Bhattacharya"}, {"Username": "sanabeotra", "Display Name": "sana beotra"}, {"Username": "fareesamundh", "Display Name": "Fareesa"}, {"Username": "alexthebeast214", "Display Name": "alexis \ud83d\udc79"}, {"Username": "krissyredds", "Display Name": "Kristen Redding"}, {"Username": "evhayes2", "Display Name": "Everett"}, {"Username": "keirhichens", "Display Name": "Keir"}, {"Username": "ar3ma", "Display Name": "Arsema \ud83d\udcab\ud83d\udd25"}, {"Username": "smaophie", "Display Name": "soph\u26a1\ufe0f\ud83c\udf08"}, {"Username": "eneuvirth", "Display Name": "Ethan Neuvirth"}, {"Username": "devnalwa", "Display Name": "Dev Nalwa"}, {"Username": "govindsartaj", "Display Name": "Govind"}, {"Username": "kowakiwazan1", "Display Name": "Katie"}, {"Username": "teamsnapchat", "Display Name": "Team Snapchat"}, {"Username": "nanditabanik", "Display Name": "Nandita"}, {"Username": "tombom-88", "Display Name": "tommy jacobs"}, {"Username": "neellal", "Display Name": "Neel Lal"}, {"Username": "katfizzy5412", "Display Name": "katfizzy5412"}, {"Username": "benhalli", "Display Name": "Ben"}, {"Username": "clarenotabear", "Display Name": "Clare Newman"}, {"Username": "hamid271", "Display Name": "Badshah$"}, {"Username": "evasofetch", "Display Name": "\u2763\ufe0feva\u2763\ufe0f"}, {"Username": "aarzoobhimani", "Display Name": "Aarzoo Bhimani"}, {"Username": "kaenatkohli", "Display Name": "Kaenat"}, {"Username": "miratellegen", "Display Name": "Mira"}, {"Username": "prescottmiller", "Display Name": "Prescott Miller"}, {"Username": "himmatsinghmali", "Display Name": "Himmat Singh Malik"}, {"Username": "cami_has18", "Display Name": "Cami Hassler"}, {"Username": "neiltheboss123", "Display Name": "Neil \ud83d\ude10\ud83d\ude2e"}, {"Username": "alanasur", "Display Name": "Alana"}, {"Username": "skittytz", "Display Name": "Connor Carson"}, {"Username": "psymon47", "Display Name": "Simon Dungan-Seaver"}, {"Username": "sanakharbanda", "Display Name": "Sana"}, {"Username": "myadavis", "Display Name": "mya"}, {"Username": "dustys22", "Display Name": "Dustin"}, {"Username": "junseok_7", "Display Name": "Jun Seok Choi"}, {"Username": "eshap0000", "Display Name": "Eli Shapiro"}, {"Username": "rayaan14", "Display Name": ""}, {"Username": "giorgos_keme", "Display Name": "Giorgos Kementzidis"}, {"Username": "kavzz810", "Display Name": "Kavya"}, {"Username": "shm7k", "Display Name": "Shamik"}, {"Username": "karmanya_duggal", "Display Name": "Karmanya"}, {"Username": "daisy_piece", "Display Name": "Hinako Minagi"}, {"Username": "mahirafara", "Display Name": "Mahira"}, {"Username": "apoorva_1613", "Display Name": "Apporva"}, {"Username": "andy.kenley", "Display Name": "andy"}, {"Username": "jameslim42", "Display Name": "James Lim"}, {"Username": "omgitzzdean", "Display Name": "Dean Khazanov"}, {"Username": "sheen.raina", "Display Name": "Sheen"}], "Friend Requests Sent": [{"Username": "just.quann", "Display Name": "Quan"}, {"Username": "makadiaumangi10", "Display Name": "Makadia Umangi"}, {"Username": "smallphung3", "Display Name": "Ben Phung"}, {"Username": "tanmaygupta9", "Display Name": "Tanmay"}, {"Username": "satwik.anand", "Display Name": "Satwik"}, {"Username": "gabay101", "Display Name": "gaby aponte"}, {"Username": "hminhas16", "Display Name": "Hritik"}, {"Username": "ry-land114", "Display Name": "Ryland"}, {"Username": "gunzzaa", "Display Name": "gunjan"}, {"Username": "barrychang", "Display Name": "Barry Chang"}, {"Username": "abigail2588", "Display Name": ""}, {"Username": "aryamandhingr19", "Display Name": "Aryaman Dhingra"}, {"Username": "izbiz14", "Display Name": "Isabelle"}, {"Username": "meg_corley", "Display Name": "Megumi"}, {"Username": "suminnie321", "Display Name": "suminnn"}, {"Username": "shanetakeuchi", "Display Name": "Shane Takeuchi"}, {"Username": "iwallpapers", "Display Name": "HD Wallpapers"}, {"Username": "lilipangborn", "Display Name": "Lili Pangborn"}, {"Username": "aiyana101", "Display Name": "Aiyana Rockwell"}, {"Username": "kritika", "Display Name": ""}, {"Username": "yayyap159", "Display Name": "Luo Yang"}, {"Username": "ishwin99", "Display Name": "Ishwin.S.Hora"}, {"Username": "shagnik", "Display Name": "shagnik"}], "Blocked Users": [{"Username": "kelizabethp19", "Display Name": "Katie Pederson"}], "Deleted Friends": [{"Username": "noordayal", "Display Name": "Noor"}, {"Username": "samarthgaur", "Display Name": "Samarth"}, {"Username": "aesitg", "Display Name": "Adam Solar"}]}