[{"Date and time (hourly)": "2020-03-01 19:00:00 UTC", "Search Term": "orion", "Location": ""}, {"Date and time (hourly)": "2020-03-01 19:00:00 UTC", "Search Term": "orio", "Location": ""}, {"Date and time (hourly)": "2020-03-01 19:00:00 UTC", "Search Term": "o", "Location": ""}, {"Date and time (hourly)": "2020-02-13 18:00:00 UTC", "Search Term": "cl", "Location": ""}, {"Date and time (hourly)": "2020-02-13 18:00:00 UTC", "Search Term": "c", "Location": ""}, {"Date and time (hourly)": "2020-03-10 04:00:00 UTC", "Search Term": "Shi", "Location": ""}, {"Date and time (hourly)": "2020-03-10 18:00:00 UTC", "Search Term": "Shi", "Location": ""}, {"Date and time (hourly)": "2020-03-10 15:00:00 UTC", "Search Term": "Conno", "Location": ""}, {"Date and time (hourly)": "2020-03-10 15:00:00 UTC", "Search Term": "Con", "Location": ""}, {"Date and time (hourly)": "2020-02-23 05:00:00 UTC", "Search Term": "lei", "Location": ""}, {"Date and time (hourly)": "2020-02-23 05:00:00 UTC", "Search Term": "le", "Location": ""}, {"Date and time (hourly)": "2020-02-23 05:00:00 UTC", "Search Term": "lea", "Location": ""}, {"Date and time (hourly)": "2020-02-23 05:00:00 UTC", "Search Term": "le", "Location": ""}, {"Date and time (hourly)": "2020-02-23 05:00:00 UTC", "Search Term": "l", "Location": ""}, {"Date and time (hourly)": "2020-03-10 19:00:00 UTC", "Search Term": "t", "Location": ""}, {"Date and time (hourly)": "2020-03-10 19:00:00 UTC", "Search Term": "donald", "Location": ""}, {"Date and time (hourly)": "2020-03-01 19:00:00 UTC", "Search Term": "orion", "Location": ""}, {"Date and time (hourly)": "2020-03-01 19:00:00 UTC", "Search Term": "orio", "Location": ""}, {"Date and time (hourly)": "2020-03-01 19:00:00 UTC", "Search Term": "ori", "Location": ""}, {"Date and time (hourly)": "2020-03-01 19:00:00 UTC", "Search Term": "o", "Location": ""}, {"Date and time (hourly)": "2020-03-07 09:00:00 UTC", "Search Term": "kirt", "Location": ""}, {"Date and time (hourly)": "2020-03-07 09:00:00 UTC", "Search Term": "kir", "Location": ""}, {"Date and time (hourly)": "2020-03-07 09:00:00 UTC", "Search Term": "ki", "Location": ""}, {"Date and time (hourly)": "2020-03-07 09:00:00 UTC", "Search Term": "k", "Location": ""}, {"Date and time (hourly)": "2020-03-03 06:00:00 UTC", "Search Term": "con", "Location": ""}, {"Date and time (hourly)": "2020-03-03 06:00:00 UTC", "Search Term": "co", "Location": ""}, {"Date and time (hourly)": "2020-03-03 06:00:00 UTC", "Search Term": "comm", "Location": ""}, {"Date and time (hourly)": "2020-03-03 06:00:00 UTC", "Search Term": "co", "Location": ""}, {"Date and time (hourly)": "2020-03-03 06:00:00 UTC", "Search Term": "coo", "Location": ""}, {"Date and time (hourly)": "2020-03-03 06:00:00 UTC", "Search Term": "co", "Location": ""}, {"Date and time (hourly)": "2020-03-03 06:00:00 UTC", "Search Term": "conmo", "Location": ""}, {"Date and time (hourly)": "2020-03-03 06:00:00 UTC", "Search Term": "conmor", "Location": ""}, {"Date and time (hourly)": "2020-03-03 06:00:00 UTC", "Search Term": "conm", "Location": ""}, {"Date and time (hourly)": "2020-03-03 06:00:00 UTC", "Search Term": "co", "Location": ""}, {"Date and time (hourly)": "2020-03-03 06:00:00 UTC", "Search Term": "con", "Location": ""}, {"Date and time (hourly)": "2020-03-03 06:00:00 UTC", "Search Term": "co", "Location": ""}, {"Date and time (hourly)": "2020-03-03 06:00:00 UTC", "Search Term": "c", "Location": ""}, {"Date and time (hourly)": "2020-03-11 12:00:00 UTC", "Search Term": "Sofi", "Location": ""}, {"Date and time (hourly)": "2020-03-07 17:00:00 UTC", "Search Term": "connor", "Location": ""}, {"Date and time (hourly)": "2020-03-07 17:00:00 UTC", "Search Term": "conno", "Location": ""}, {"Date and time (hourly)": "2020-03-07 17:00:00 UTC", "Search Term": "conn", "Location": ""}, {"Date and time (hourly)": "2020-03-07 17:00:00 UTC", "Search Term": "co", "Location": ""}, {"Date and time (hourly)": "2020-03-07 17:00:00 UTC", "Search Term": "c", "Location": ""}, {"Date and time (hourly)": "2020-02-19 07:00:00 UTC", "Search Term": "sesi", "Location": ""}, {"Date and time (hourly)": "2020-02-19 07:00:00 UTC", "Search Term": "s", "Location": ""}, {"Date and time (hourly)": "2020-03-10 19:00:00 UTC", "Search Term": "donald", "Location": ""}, {"Date and time (hourly)": "2020-03-10 19:00:00 UTC", "Search Term": "trump", "Location": ""}, {"Date and time (hourly)": "2020-03-02 18:00:00 UTC", "Search Term": "da", "Location": ""}, {"Date and time (hourly)": "2020-03-02 18:00:00 UTC", "Search Term": "d", "Location": ""}, {"Date and time (hourly)": "2020-02-28 05:00:00 UTC", "Search Term": "will", "Location": ""}, {"Date and time (hourly)": "2020-02-28 05:00:00 UTC", "Search Term": "wi", "Location": ""}, {"Date and time (hourly)": "2020-03-05 18:00:00 UTC", "Search Term": "ale", "Location": ""}, {"Date and time (hourly)": "2020-03-05 18:00:00 UTC", "Search Term": "al", "Location": ""}, {"Date and time (hourly)": "2020-03-05 18:00:00 UTC", "Search Term": "a", "Location": ""}, {"Date and time (hourly)": "2020-03-04 17:00:00 UTC", "Search Term": "con", "Location": ""}, {"Date and time (hourly)": "2020-03-04 17:00:00 UTC", "Search Term": "co", "Location": ""}, {"Date and time (hourly)": "2020-03-04 17:00:00 UTC", "Search Term": "c", "Location": ""}, {"Date and time (hourly)": "2020-03-04 16:00:00 UTC", "Search Term": "con", "Location": ""}, {"Date and time (hourly)": "2020-03-04 16:00:00 UTC", "Search Term": "co", "Location": ""}, {"Date and time (hourly)": "2020-03-04 16:00:00 UTC", "Search Term": "c", "Location": ""}, {"Date and time (hourly)": "2020-03-05 12:00:00 UTC", "Search Term": "con", "Location": ""}, {"Date and time (hourly)": "2020-03-05 12:00:00 UTC", "Search Term": "co", "Location": ""}, {"Date and time (hourly)": "2020-03-05 12:00:00 UTC", "Search Term": "c", "Location": ""}, {"Date and time (hourly)": "2020-02-05 05:00:00 UTC", "Search Term": "con", "Location": ""}, {"Date and time (hourly)": "2020-02-05 05:00:00 UTC", "Search Term": "co", "Location": ""}, {"Date and time (hourly)": "2020-02-05 05:00:00 UTC", "Search Term": "c", "Location": ""}, {"Date and time (hourly)": "2020-03-04 17:00:00 UTC", "Search Term": "conn", "Location": ""}, {"Date and time (hourly)": "2020-03-04 17:00:00 UTC", "Search Term": "co", "Location": ""}, {"Date and time (hourly)": "2020-03-04 17:00:00 UTC", "Search Term": "c", "Location": ""}, {"Date and time (hourly)": "2020-02-13 18:00:00 UTC", "Search Term": "cl", "Location": ""}, {"Date and time (hourly)": "2020-02-13 18:00:00 UTC", "Search Term": "c", "Location": ""}, {"Date and time (hourly)": "2020-02-29 22:00:00 UTC", "Search Term": "ric", "Location": ""}, {"Date and time (hourly)": "2020-02-29 22:00:00 UTC", "Search Term": "ri", "Location": ""}, {"Date and time (hourly)": "2020-02-29 22:00:00 UTC", "Search Term": "r", "Location": ""}, {"Date and time (hourly)": "2020-03-08 16:00:00 UTC", "Search Term": "dan", "Location": ""}, {"Date and time (hourly)": "2020-03-08 16:00:00 UTC", "Search Term": "d", "Location": ""}, {"Date and time (hourly)": "2020-03-08 06:00:00 UTC", "Search Term": "alep", "Location": ""}, {"Date and time (hourly)": "2020-03-08 06:00:00 UTC", "Search Term": "ale", "Location": ""}, {"Date and time (hourly)": "2020-03-08 06:00:00 UTC", "Search Term": "al", "Location": ""}]