{"Snap Inc. Terms of Service": [{"Version": "Snap Terms of Service - February 18, 2019", "Acceptance Date": "2019-03-04 09:38:11 UTC"}, {"Version": "Snap Privacy Policy & Terms of Service - September 30, 2019", "Acceptance Date": "2019-10-05 14:50:48 UTC"}, {"Version": "Memories Terms of Service", "Acceptance Date": "2018-06-06 16:14:17 UTC"}, {"Version": "Snap Privacy Policy & Terms of Service - September 26, 2017", "Acceptance Date": "2018-06-06 16:11:41 UTC"}, {"Version": "Snap Privacy Policy & Terms of Service - January 10, 2017", "Acceptance Date": "2018-06-06 16:11:41 UTC"}], "Custom Creative Tools Terms": [], "Business Services Terms": [], "Games Terms": []}