{"App Profile": {"Country": "IN", "Creation Time": "2018-06-06 16:11:41 UTC", "Account Creation Country": "IN", "Platform Version": "ANDROID", "Phone Locale": "en_GB"}, "Demographics": {"Cohort Age": "AGE_18_TO_20", "Derived Ad Demographic": "MALE"}, "Subscriptions": [], "Engagement": [{"Event": "Discover Ad Views", "Occurrences": 3}, {"Event": "Direct Snaps Created", "Occurrences": 316}, {"Event": "Chats Sent", "Occurrences": 363}, {"Event": "Discover Snap Views", "Occurrences": 325}, {"Event": "Snap Sends", "Occurrences": 157}, {"Event": "Geofilter Swipes", "Occurrences": 375}, {"Event": "Discover Editions Viewed", "Occurrences": 41}, {"Event": "Story Ads Viewed", "Occurrences": 242}, {"Event": "Application Opens", "Occurrences": 1085}, {"Event": "Story Views", "Occurrences": 982}, {"Event": "Snaps Viewed in a Story", "Occurrences": 1436}, {"Event": "Geofilter Story Snaps Viewed", "Occurrences": 337}, {"Event": "Chats Viewed", "Occurrences": 382}, {"Event": "Direct Snaps Viewed", "Occurrences": 251}, {"Event": "Snap Views", "Occurrences": 649}, {"Event": "Geofilter Snap Sends", "Occurrences": 31}], "Discover Channels Viewed": [{"Channel Name": "2c4da95f-74cc-46d9-9c61-6a8f4a6f3b6f"}, {"Channel Name": "2ed4d76b-f89e-4e52-a0b1-f89defad0c3a"}, {"Channel Name": "Brainjolt"}, {"Channel Name": "Brut India Stories"}, {"Channel Name": "Fails Stories"}, {"Channel Name": "Grandmas House"}, {"Channel Name": "Hooked"}, {"Channel Name": "NFL Highlights"}, {"Channel Name": "NFL Micd Up"}, {"Channel Name": "Reaction Time"}, {"Channel Name": "TMZ"}, {"Channel Name": "Top Game Clips"}, {"Channel Name": "VT Challenges"}, {"Channel Name": "Wave"}, {"Channel Name": "World Rugby"}, {"Channel Name": "You Had One Job Stories"}, {"Channel Name": "adb79508-ccee-48c7-bda4-faf1bd6aa2e7"}, {"Channel Name": "d50f77cb-532b-4282-a67e-f3ce7901e774"}, {"Channel Name": "f91e8587-8b02-4a3d-8b03-6ea2a88c3afc"}], "Breakdown of Time Spent on App": ["Camera: 53.10%", "Discover: 9.51%", "Map: 1.21%", "Memories: 0.97%", "Messaging: 31.22%", "Others: 2.86%", "Profile: 1.13%"], "Ads You Interacted With": [{"Advertiser Name": "Home Box Office, Inc.", "Date": "2019-04-14"}, {"Advertiser Name": "Scorp Inc ", "Date": "2019-05-20"}, {"Advertiser Name": "MANSCAPED", "Date": "2019-08-28"}, {"Advertiser Name": "Klondike", "Date": "2019-08-30"}, {"Advertiser Name": "Coca-Cola", "Date": "2019-09-03"}, {"Advertiser Name": "Hearts & Science - New York", "Date": "2019-09-05"}, {"Advertiser Name": "Cheetos\u00ae", "Date": "2019-09-06"}, {"Advertiser Name": "Tide", "Date": "2019-09-09"}, {"Advertiser Name": "Pepsi", "Date": "2019-09-16"}, {"Advertiser Name": "System1 LLC", "Date": "2019-09-18"}, {"Advertiser Name": "Walt Disney Studios Motion Pictures", "Date": "2019-09-23"}, {"Advertiser Name": "Red Bull Cartoon Study", "Date": "2019-09-28"}, {"Advertiser Name": "Monster Energy Company", "Date": "2019-09-29"}, {"Advertiser Name": "Dr Pepper", "Date": "2019-10-11"}, {"Advertiser Name": "Nationwide", "Date": "2019-11-02"}, {"Advertiser Name": "Activision Mobile", "Date": "2019-11-18"}, {"Advertiser Name": "Aspiro AB", "Date": "2019-12-04"}, {"Advertiser Name": "Call of Duty: Mobile", "Date": "2019-12-12"}, {"Advertiser Name": "Pandora: Music & Podcasts", "Date": "2019-12-12"}, {"Advertiser Name": "Sony Pictures Entertainment, Inc.", "Date": "2019-12-12"}, {"Advertiser Name": "Sprite", "Date": "2019-12-16"}, {"Advertiser Name": "Red Bull", "Date": "2019-12-19"}, {"Advertiser Name": "Target", "Date": "2019-12-21"}], "Interest Categories": ["Pizza Lovers", "Collegiates", "Credit & Rewards Card Buyers - Hotel Travel Cash Rewards", "Last 12 Months Buyers - Apple", "Credit & Rewards Card Buyers - Cash Rewards", "Frequent International Travelers", "Last 12 Months Buyers - Avis", "Last 12 Months Buyers - Ticketmaster", "Pet Store Buyers - Petco", "eCommerce Buyers - Amazon - All Buyers", "Fast Food Buyers - Auntie Annes", "Jewelry Store Buyers - All Buyers", "Video Streaming Buyers - Heavy Buyers", "Electronics Buyers - Heavy Buyers", "Credit & Rewards Card Buyers - Credit Revolvers", "Last 12 Months Buyers - Jetblue", "Comedy Fans", "Indie & Foreign Film Fans", "New Years Day Buyers", "Department Store Shoppers", "Last 12 Months Buyers - TJMaxx", "Supermarket Buyers - All Buyers", "Concert & Festival Goers", "Last 12 Months Buyers - Carnival", "Worldly Travelers", "Last 12 Months Buyers - Deals", "Fast Food Buyers - Little Caesars", "Last 12 Months Buyers - Kohls", "Mother's Day Buyers - Florist", "Fitness Enthusiasts", "Home Improvement Buyers - Lowes", "Last 12 Months Buyers - DSW", "Apparel Store Buyers - Heavy Buyers", "Teen & Young Adult Genre Fans", "Sci-fi & Fantasy Fans", "Health & Beauty Buyers", "Drug Store Buyers - CVS Pharmacy", "High Schoolers", "Columbus Day Buyers", "Last 12 Months Buyers - Hyatt", "Last 12 Months Buyers - Big Lots", "Supermarket Buyers - Heavy Buyers", "Last 12 Months Buyers - Nike", "Travel Buyers", "Back To School Buyers - Electronic Stores", "Last 12 Months Buyers - Walgreens", "Mobile Category Buyers - All Buyers", "Photographers", "Last 12 Months Buyers - Ollies", "Coffee Lovers", "Burger Lovers", "Shoe Store Buyers - Foot Locker", "Airline Buyers - Heavy Buyers", "Last 12 Months Buyers - One Kings Lane", "Home Improvement Buyers - HomeGoods", "Insurance Buyers - Liberty Mutual", "Fast Food Buyers - Taco Bell", "Home Improvement Buyers - Home Depot", "Shoppers", "Console & PC Gamers", "Last 12 Months Buyers - Meijer", "Movie Theater Goers", "Last 12 Months Buyers - Ritz Carlton", "Last 12 Months Buyers - Sheraton", "Last 12 Months Buyers - Gamestop", "Logistics Buyers - USPS", "Home Product Buyers", "Last 12 Months Buyers - Brooks Brothers", "Chat Fiction Enthusiasts", "Fast Food Buyers - Dunkin Donuts", "Casual Dining Buyers - Applebees", "Shoe Store Buyers - All Buyers", "Last 12 Months Buyers - Landsend", "Last 12 Months Buyers - Hyatt Regency", "Hotel & Motel Buyers - Hyatt Parent", "Credit & Rewards Card Buyers - Air Hotel Travel Rewards", "Last 12 Months Buyers - Burlington Coat Factory", "Back To School Buyers - Eyeglasses", "Casual Dining Buyers - Light Buyers", "Last 12 Months Buyers - Forever21", "Pet & Animal Lovers", "Candy & Sweets Lovers", "Hipsters & Trendsetters", "Video Streaming Buyers - iTunes", "Gas Store Buyers - All Buyers", "Last 12 Months Buyers - Hallmark", "Meme Watchers", "Auto Product Buyers", "New Years Day Buyers - Movie Theaters", "New Phone Seekers", "Home Decoristas", "Investors & Entrepreneurs", "Black Friday Buyers - Electronics", "New Years Day Buyers - Charitable Organizations", "Fathers Day Buyers - Grocery", "Halloween Buyers - Taxi", "Casual Dining Buyers - Heavy Buyers", "Urban & Hip-Hop Music Fans", "Logistics Buyers", "Sharp-Dressed Men", "Entertainment Buyers", "Gas Store Buyers - BP", "Last 12 Months Buyers - Petco", "Independence Day Buyers - Clothing Stores", "eSports Enthusiasts", "Video Streaming Buyers - All Buyers", "Philanthropists", "Fast Food Buyers - Heavy Buyers", "Credit & Rewards Card Buyers - New Cards 7 to 12 Months", "Sneakerheads", "Travel Enthusiasts", "Back To School Buyers", "Last 12 Months Buyers - Staples", "Golfers", "Restaurants Buyers", "Men's Lifestyle", "Last 12 Months Buyers - Llbean", "Gas Store Buyers - Gulf Oil", "Logistics Buyers - UPS", "Last 12 Months Buyers - Amazon", "Book Store & Learning Buyers", "Math & Science Enthusiasts", "Apparel Store Buyers - TJ Maxx", "Insurance Buyers - Geico", "Jewelry & Watch Shoppers", "Last 12 Months Buyers - Hertz", "Hotel & Motel Buyers - Marriott Residence Inn", "Last 12 Months Buyers - Famous Footwear", "Soccer Enthusiasts", "Video Streaming Buyers - Hulu Plus", "Last 12 Months Buyers - Vitamin Shoppe", "Credit & Rewards Card Buyers - Wallet Top 10", "Club Warehouse Buyers - BJs", "Apparel Buyers", "Supermarket Buyers - Light Buyers", "Fast Food Junkies", "Last 12 Months Buyers - USPS", "Drama Genre Fans", "Advocates & Activists", "Department Store Buyers - Macys", "Department Store Buyers - Neiman Marcus", "Last 12 Months Buyers - Lenscrafters", "Shoe Store Buyers - Heavy Buyers", "Labor Day Buyers - Clothing Stores", "Last 12 Months Buyers - Marriott", "Gas Store Buyers - Heavy Buyers", "Apparel Store Buyers - Burlington Coat Factory", "Last 12 Months Buyers - Sears Hardware Stores", "Romance & Rom-Com Fans", "Fast Food Buyers - Light Buyers", "Valentines Day Buyers - Grocery", "Political News Watchers", "Fathers Day Buyers", "Airline Buyers - American Airlines", "Clubbers & Party People", "American Football Fans", "World Music Fans", "Frequent Travelers", "Department Store Buyers - Light Buyers", "Last 12 Months Buyers - Lyft", "Gas Store Buyers - Citgo", "Department Store Buyers - Heavy Buyers", "Arts & Culture Mavens", "Business News Watchers", "Credit & Rewards Card Buyers - New Cards 6 Months", "Last 12 Months Buyers - Bed Bath & Beyond", "Sporting Goods Buyers", "Home Improvement Buyers - Heavy Buyers", "Last 12 Months Buyers - Ikea", "Crime & Mystery Genre Fans", "Last 12 Months Buyers - Gap", "Music Streaming Buyers - All Buyers", "Film & TV Fans", "Fashion & Style Gurus", "Credit & Rewards Card Buyers - Rewards Seeker", "Beauty Mavens", "Last 12 Months Buyers - Coach", "Foodies", "Columbus Day Buyers - Restaurants", "Credit & Rewards Card Buyers - Any Credit Card", "Insurance Buyers - Light Buyers", "Music Streaming Buyers - Spotify", "eCommerce Buyers - Amazon Prime -", "Adventure Seekers", "Casual Dining Buyers - Golden Corral", "Basketball Fans", "Supermarket Buyers - Publix", "Bookworms & Avid Readers", "Shoe Store Buyers - Payless", "Casual Dining Buyers - All Buyers", "Fight & Wrestling Fans", "Last 12 Months Buyers - Etsy", "Last 12 Months Buyers - Ann Taylor", "Last 12 Months Buyers - Jcpenney", "Talent & Competition Show Fans", "Credit & Rewards Card Buyers - Any Rewards Card", "Apparel Store Buyers - All Buyers", "Do-It-Yourselfers", "Department Store Buyers - All Buyers", "Last 12 Months Buyers - CVS", "Independence Day Buyers - Furnishing Stores", "Last 12 Months Buyers - Macys", "Hotel & Motel Buyers - Hilton Hampton Inn", "Big Box Shoppers", "Cordcutters", "Fast Food Buyers - Wendys", "Credit & Rewards Card Buyers - Transactor", "Wellness & Healthy Lifestyle", "Amusement Park Buyers - Amusement Parks", "Pop Music Fans", "Motor Sports Fans", "Daily Deal Buyers", "Gamers", "Back To School Buyers - Office School Supply Stores", "Home Improvement Buyers - All Buyers", "Financial Buyers", "Last 12 Months Buyers - REI", "College Football Fans", "Telecom Buyers - Verizon Products and Services", "Sports Fans", "College Basketball Fans", "Comics & Animation Fans", "Frequent Hotel Guests", "Horror Genre Fans", "Supermarket Buyers - Shop Rite", "Pet Store Buyers", "Retail Buyers", "Last 12 Months Buyers - Hhgregg", "Cricket Fans", "Recent Buyers", "Last 12 Months Buyers - Priceline", "Last 12 Months Buyers - Expedia", "Women's Lifestyle", "Last 12 Months Buyers - Hellofresh", "Heavy Holiday Buyers - Electronics", "Health Clubs & Store Buyers", "Last 12 Months Buyers - Pottery Barn", "Club Warehouse Buyers", "New Years Day Buyers - Restaurants", "Shopping Mall Shoppers", "Halloween Buyers - Discount Stores", "Fathers Day Buyers - Car Washes", "Insurance Buyers - All Buyers", "Fast Food Buyers - All Buyers", "Airline Buyers - All Buyers", "Fathers Day Buyers - Book Stores", "Apparel Store Buyers - Light Buyers", "Last 12 Months Buyers - Dicks Sporting Goods", "Casual & Mobile Gamers", "Halloween Buyers", "Electronics Buyers - All Buyers", "Cable Services Buyers", "Drug Store Buyers", "Pet Product Buyers", "Fun Trivia & Quiz Fanatics", "Labor Day Buyers", "Snow Sport Enthusiasts", "Health Clubs & Store Buyers - Golds", "Credit & Rewards Card Buyers - Travel Top 10", "Last 12 Months Buyers - Homegoods", "Telecom Buyers - Mobile", "Last 12 Months Buyers - Five Below", "News Watchers", "Beachgoers & Surfers", "Mother's Day Buyers - Gift Shop", "Music Fans", "Frequent Domestic Travelers", "Money Minders", "Car Part Buyers - Advance Auto Parts", "Last 12 Months Buyers - Dollar Tree", "Independence Day Buyers - Grocery", "Last 12 Months Buyers - Footlocker", "Labor Day Buyers - Restaurants", "Last 12 Months Buyers - Lord & Taylor", "Mobile Category Buyers - Light Buyers", "Last 12 Months Buyers - Uber", "Last 12 Months Buyers - Neiman Marcus", "Household Goods & Furniture Store Buyers - Cost Plus World Market", "Reality TV Fans", "Tech Buyers", "Back To School Buyers - Education", "Last 12 Months Buyers - Stubhub", "Celebrity News Watchers", "eCommerce Buyers - Amazon - Heavy Buyers", "Last 12 Months Buyers - Modells", "Last 12 Months Buyers - Riteaid", "Casual Dining Buyers - IHOP", "eCommerce Buyers - Etsy", "Music Streaming Buyers - Light Buyers", "Halloween Buyers - Drug Stores", "Seasonal Buyers", "Car Part Buyers - All Car Parts"], "Geographic Information": [], "Interactions": {"Web Interactions": ["frankandoak.com", "gap.com", "bodybuilding.com", "adidas.com", "banggood.in", "directexpose.com", "louisvuitton.com", "wallmantra.com", "lulus.com", "simbaly.com", "tripadvisor.com", "footlocker.com", "topshop.com", "nymag.com", "redbubble.com", "tummytuckhipo.com", "betway.com", "coolimba.com", "greeningz.com", "gucci.com", "cbs.com", "quora.com", "fruugo.us", "motorola.com", "popsci.com", "wired.com", "mpl.live", "myprotein.com", "shoecarnival.com", "gillette.com", "theathletic.com", "tacobell.com", "hbo.com", "iu.edu", "petapixel.com", "washingtonpost.com", "co.in", "heb.com", "intuit.com", "sixflags.com", "pandora.net", "thecut.com", "aeropostale.com", "mensxp.com", "mensjournal.com", "epicurious.com", "express.com", "herb.co", "bombas.com", "cbssports.com", "kayak.com", "tarot.com", "clinique.com", "dickssportinggoods.com", "freshtohome.com", "kohls.com", "parentztalk.com", "ac.uk", "abercrombie.com", "forever21.com", "lifeisgood.com", "socialgazette.com", "gq.com", "champion.com", "voot.com", "msn.com", "floor8.com", "dickinson.edu", "fandango.com", "mynamenecklace.com", "sprint.com", "thephoblographer.com", "huffpost.com", "nerdwallet.com", "pitchfork.com", "noteabley.com", "cc.com", "jetlaggin.com", "livingly.com", "doradofashion.com", "dsw.com", "rei.com", "directv.com", "jezebel.com", "hm.com", "blueapron.com", "onlyvalley.com", "hollisterco.com", "cultivatedknowledge.com", "greyhound.com", "daily-choices.com", "articture.com", "newarena.com", "vice.com", "zipcar.com", "groupon.com", "officedepot.com", "birthrightisrael.com", "gopupsocks.com", "invisalign.com", "fastrack.in", "esquire.com", "fubo.tv", "therapyjoker.com", "burlington.com", "cricketwireless.com", "lifetime.life", "alot.com", "intentmedia.net", "butcherbox.com", "asos.com", "basspro.com", "hilton.com", "drivepedia.com", "hanes.com", "bewakoof.com", "relativelyinteresting.com", "bookmyshow.com", "koovs.com", "doordash.com", "sfchronicle.com", "actblue.com", "zaful.com", "shinetext.com", "mindyourdollars.com", "ralphlauren.com", "vulture.com", "urbo.com", "berniesanders.com", "scribol.com", "causebox.com", "yelp.com", "bobshideout.com", "universityfox.com", "ace2three.com", "mazdausa.com", "ninjajournalist.com", "lendingtree.com", "ipsy.com", "elizabethwarren.com", "awaytravel.com", "bonappetit.com", "honda.com", "ciee.org", "swatch.com", "co.uk", "com.au", "mortgageafterlife.com", "populareverything.com", "vincerowatches.com", "nike.com", "fashionbeans.com", "visitdubai.com", "handy.com", "adoreme.com", "gnc.com", "att.com", "getpostureperfector.com", "t-mobile.com", "mtl.org", "yahoo.com", "shareably.net", "homehacks.co", "dilmil.co", "domesticatedcompanion.com", "jtv.com", "newchic.in", "self.com", "thefader.com", "bookingbuddy.com", "mirror.co", "zulily.com", "skipthedishes.com", "huffingtonpost.com", "joorala.com", "ucas.com", "timex.com", "toms.com", "espn.com", "proactiv.com", "howstuffworks.com", "slate.com", "mediaalpha.com", "iventurecard.com", "masterofmalt.com", "benjerry.com", "fitnessguru.com", "nfl.com", "goat.com", "loudwire.com", "scarymommy.com", "epnclick.ru", "puma.com", "definition.org", "nytimes.com", "glamour.com", "mylabbox.com", "pacsun.com", "lifebru.com", "atkins.ca", "arstechnica.com", "complex.com", "sho.com", "ccd.edu", "fabfitfun.com", "utah.edu", "ceastudyabroad.com", "sling.com", "magiquiz.com", "wayfair.com", "hemper.co", "twentytwowords.com", "53.com", "vans.com", "helioswatchstore.com", "hulu.com", "vogue.com", "reebok.com", "levi.com", "overstock.com", "talescart.com", "uni.edu", "abt.com", "zivame.com", "hayleykiyokoofficial.com", "chewy.com", "spotify.com", "cbsnews.com", "buywow.com", "thebrightspotlight.com", "grubhub.com", "jimmyjohns.com", "teenvogue.com", "verizonwireless.com", "wsj.com", "footaction.com", "timberland.com", "worldlifestyle.com", "theroot.com", "techradar.com", "tiege.com", "bose.com", "ae.com", "monagiza.com", "graduatez.com", "brilliantearth.com", "healthyway.com", "newyorker.com", "udemy.com", "buzzfeed.com", "jerusalemonline.com", "giphy.com", "showtime.com", "foxnews.com", "kiwireport.com", "tiqcdn.com", "usatoday.com", "livingmgz.com", "stitchfix.com", "watchgang.com", "expo2020dubai.com", "hbonow.com", "orbitz.com", "teepublic.com", "timesnownews.com", "crunch.com", "xbykygo.com", "horoscope.com", "nissanusa.com", "ranker.com", "ensorings.com", "dealsdot.com", "collegehumor.com", "snapchat.com", "nordstromrack.com", "eonline.com", "payoff.com", "wantable.com", "noon.com", "tdameritradenetwork.com", "playbuzz.com", "thequiz.com", "yocket.in", "chron.com", "papajohns.com", "travelocity.com", "airbnb.com", "maternityweek.com", "betoorourke.com", "snapdeal.com", "thepointsguy.com", "etonline.com", "popinabox.us", "mydailymagazine.com", "top5.com", "thepennyhoarder.com", "niche.com", "classpass.com", "ally.com", "shutterfly.com", "quibi.com", "weather.com", "hypestfit.com", "cupshe.com", "nbcnews.com", "obsev.com"], "App Interactions": ["https://play.google.com/store/apps/details?id=club.fromfactory", "https://play.google.com/store/apps/details?id=com.nearbuy.nearbuymobile", "https://play.google.com/store/apps/details?id=com.bumble.app", "https://play.google.com/store/apps/details?id=com.whatsapp", "https://play.google.com/store/apps/details?id=com.ubercab", "https://play.google.com/store/apps/details?id=com.reddit.frontpage", "https://play.google.com/store/apps/details?id=com.okcupid.okcupid", "https://play.google.com/store/apps/details?id=com.amazon.mShop.android.shopping", "https://play.google.com/store/apps/details?id=com.robinhood.android", "https://play.google.com/store/apps/details?id=in.startv.hotstar", "https://play.google.com/store/apps/details?id=com.spotify.music", "https://play.google.com/store/apps/details?id=me.lyft.android", "https://play.google.com/store/apps/details?id=com.zhiliaoapp.musically", "https://play.google.com/store/apps/details?id=com.venmo", "https://play.google.com/store/apps/details?id=com.olacabs.customer", "https://play.google.com/store/apps/details?id=com.tinder", "https://play.google.com/store/apps/details?id=com.netflix.mediaclient", "https://play.google.com/store/apps/details?id=net.one97.paytm", "https://play.google.com/store/apps/details?id=com.google.android.play.games", "https://play.google.com/store/apps/details?id=com.facebook.orca", "https://play.google.com/store/apps/details?id=com.activision.callofduty.shooter", "https://play.google.com/store/apps/details?id=com.dineout.book", "https://play.google.com/store/apps/details?id=com.wf.wellsfargomobile", "https://play.google.com/store/apps/details?id=com.google.android.apps.walletnfcrel", "https://play.google.com/store/apps/details?id=com.weedmaps.app.android", "https://play.google.com/store/apps/details?id=com.snapchat.android", "https://play.google.com/store/apps/details?id=com.amazon.dee.app", "https://play.google.com/store/apps/details?id=in.swiggy.android", "https://play.google.com/store/apps/details?id=com.yahoo.mobile.client.android.finance", "https://play.google.com/store/apps/details?id=com.instagram.android", "https://play.google.com/store/apps/details?id=com.amazon.avod.thirdpartyclient", "https://play.google.com/store/apps/details?id=com.facebook.katana", "https://play.google.com/store/apps/details?id=com.tencent.mm", "https://play.google.com/store/apps/details?id=com.tencent.ig"]}, "Mobile Ad Id": "ac2789cd-a9a1-4dec-b0e1-8e5573db6904"}